"timestamp_utc_plus_7","elapsed_seconds","backend_pid","backend_working_set_mb","system_memory_used_percent"
"2026-08-31 22:35:47","0","33556","77.9","82.23"
"2026-08-31 22:35:58","10.3","33556","77.91","83.16"
"2026-08-31 22:36:08","20.5","33556","77.96","82.97"
"2026-08-31 22:36:18","30.7","33556","78.32","83.29"
"2026-08-31 22:36:28","40.9","33556","78.5","82.96"
"2026-08-31 22:36:38","51","33556","78.06","83.06"
"2026-08-31 22:36:48","61.2","33556","77.49","83.27"
"2026-08-31 22:36:59","71.4","33556","78","83.07"
"2026-08-31 22:37:09","81.6","33556","77.64","83.03"
"2026-08-31 22:37:19","91.7","33556","77.72","82.94"
"2026-08-31 22:37:29","101.9","33556","76.75","82.36"
"2026-08-31 22:37:39","112.1","33556","76.84","82.53"
"2026-08-31 22:37:49","122.3","33556","77.23","83.01"
"2026-08-31 22:38:00","132.5","33556","77.24","82.91"
"2026-08-31 22:38:10","142.7","33556","77.52","82.63"
"2026-08-31 22:38:20","152.8","33556","77.77","82.8"
"2026-08-31 22:38:30","163","33556","77.89","82.61"
"2026-08-31 22:38:40","173.2","33556","77.89","82.76"
"2026-08-31 22:38:51","183.4","33556","77.9","82.85"
"2026-08-31 22:39:01","193.5","33556","78.06","83.05"
"2026-08-31 22:39:11","203.7","33556","78.17","83.03"
"2026-08-31 22:39:21","213.9","33556","77.71","82.77"
"2026-08-31 22:39:31","224","33556","77.75","82.62"
"2026-08-31 22:39:41","234.2","33556","78.09","82.76"
"2026-08-31 22:39:52","244.4","33556","78.11","82.87"
"2026-08-31 22:40:02","254.5","33556","78.44","82.89"
"2026-08-31 22:40:12","264.7","33556","78.44","82.66"
"2026-08-31 22:40:22","274.9","33556","78.47","82.7"
"2026-08-31 22:40:32","285","33556","78.47","82.77"
"2026-08-31 22:40:42","295.2","33556","78.47","82.63"
"2026-08-31 22:40:53","305.4","33556","78.47","82.78"
"2026-08-31 22:41:03","315.5","33556","78.48","82.9"
"2026-08-31 22:41:13","325.7","33556","78.7","82.86"
"2026-08-31 22:41:23","335.9","33556","78.59","82.55"
"2026-08-31 22:41:33","346.1","33556","78.24","82.54"
"2026-08-31 22:41:43","356.2","33556","78.27","82.55"
"2026-08-31 22:41:54","366.4","33556","78.29","82.71"
"2026-08-31 22:42:04","376.6","33556","78.51","82.97"
"2026-08-31 22:42:14","386.8","33556","78.51","83.29"
"2026-08-31 22:42:24","396.9","33556","78.45","80.75"
"2026-08-31 22:42:34","407.1","33556","78.47","80.17"
"2026-08-31 22:42:44","417.3","33556","78.48","80.41"
"2026-08-31 22:42:55","427.5","33556","78.48","80.5"
"2026-08-31 22:43:05","437.6","33556","78.57","80.42"
"2026-08-31 22:43:15","447.8","33556","78.57","80.43"
"2026-08-31 22:43:25","458","33556","78.86","80.26"
"2026-08-31 22:43:35","468.2","33556","78.43","80.33"
"2026-08-31 22:43:45","478.3","33556","78.98","80.84"
"2026-08-31 22:43:56","488.5","33556","79.01","81.45"
"2026-08-31 22:44:06","498.7","33556","79.02","80.94"
"2026-08-31 22:44:16","508.9","33556","79.02","80.75"
"2026-08-31 22:44:26","519","33556","79.02","80.76"
"2026-08-31 22:44:36","529.2","33556","79.02","80.69"
"2026-08-31 22:44:47","539.4","33556","79.02","80.8"
"2026-08-31 22:44:57","549.6","33556","79.04","80.66"
"2026-08-31 22:45:07","559.7","33556","79.04","80.69"
"2026-08-31 22:45:17","569.9","33556","79.04","80.52"
"2026-08-31 22:45:27","580.1","33556","79.04","80.82"
"2026-08-31 22:45:37","590.3","33556","79.14","81.33"
"2026-08-31 22:45:48","600.5","33556","79.14","79.68"
"2026-08-31 22:45:58","610.6","33556","79.14","78.94"
